{
	"pattrstorage" : 	{
		"name" : "freezesettings",
		"slots" : 		{
			"1" : 			{
				"id" : 1,
				"data" : 				{
					"live.dial" : [ 99.480315 ],
					"live.dial[2]" : [ 100.0 ],
					"live.dial[3]" : [ 20000.0 ],
					"live.dial[4]" : [ 100.0 ],
					"live.gain~" : [ 0.0 ],
					"live.gain~[1]" : [ 0.0 ],
					"multislider" : [ 0, 531, 16, 1169, 1084, 47, 999, 132, 1594, 1594, 1297, 349, 1743, 1807, 618, 2125 ],
					"multislider[1]" : [ 0.0, 0.0, -12.631579, -11.22807, -10.175439, -9.122807, -8.77193, -13.684211, 0.0, -9.824561, -5.614035, -11.22807, 7.017544, 0.0, -10.175439, 0.0 ],
					"multislider[2]" : [ 0.258929, 0.348214, 0.401786, 0.589286, 0.383929, 0.517857, 0.473214, 0.428571, 0.723214, 0.285714, 0.276786, 0.571429, 0.598214, 0.446429, 0.3125, 0.294643 ],
					"multislider[3]" : [ 545.78949, 20.0, 896.315796, 1422.105225, 1246.842163, 1422.105225, 1772.631592, 1597.368408, 1246.842163, 1246.842163, 3525.263184, 2824.210449, 1947.894775, 1772.631592, 3700.526367, 2298.421143 ],
					"number" : [ 1.0 ],
					"number[1]" : [ 1.5 ],
					"number[2]" : [ 2423 ],
					"textbutton" : [ -1 ],
					"textbutton[1]" : [ -1 ],
					"textbutton[32]" : [ -1 ],
					"textbutton[33]" : [ -1 ],
					"textedit" : [ "cul" ],
					"umenu" : [ 0 ],
					"umenu[53]" : [ 0 ],
					"delay_matrix::matrixctrl" : [ 0, 2, 1, 0, 3, 1, 0, 4, 1, 0, 5, 1, 0, 6, 1, 0, 7, 1, 0, 8, 1, 0, 9, 1, 0, 10, 1, 0, 11, 1, 0, 12, 1, 0, 13, 1, 0, 14, 1, 0, 15, 1, 0, 16, 1, 0, 17, 1, 2, 0, 1, 2, 3, 1, 2, 10, 1, 3, 0, 1, 3, 5, 1, 3, 9, 1, 4, 0, 1, 4, 2, 1, 5, 1, 1, 5, 3, 1, 5, 8, 1, 6, 1, 1, 6, 3, 1, 6, 4, 1, 6, 9, 1, 6, 11, 1, 6, 15, 1, 7, 1, 1, 7, 5, 1, 7, 9, 1, 8, 0, 1, 8, 3, 1, 8, 6, 1, 8, 11, 1, 9, 0, 1, 9, 6, 1, 9, 7, 1, 10, 1, 1, 10, 5, 1, 10, 11, 1, 11, 1, 1, 12, 0, 1, 12, 8, 1, 12, 12, 1, 12, 13, 1, 13, 1, 1, 13, 5, 1, 13, 10, 1, 14, 0, 1, 14, 4, 1, 14, 6, 1, 15, 1, 1, 15, 7, 1, 16, 0, 1, 16, 12, 1, 17, 1, 1 ]
				}

			}

		}

	}

}
